example_id,label,probability,domain,views
YTDown.com_YouTube_25-Manos-Mas-Famosas-Del-Futbol-25-Famou_Media_Wa7Phu0LpY4_001_1080p (1)_c57d10e006_0930f82c39_f00000310,0,0.9658005237579346,native,1
YTDown.com_YouTube_25-Manos-Mas-Famosas-Del-Futbol-25-Famou_Media_Wa7Phu0LpY4_001_1080p (1)_c57d10e006_0930f82c39_f00000363,0,0.9821620583534241,native,1
YTDown.com_YouTube_25-Manos-Mas-Famosas-Del-Futbol-25-Famou_Media_Wa7Phu0LpY4_001_1080p (1)_c57d10e006_0930f82c39_f00005143,0,0.26944226026535034,native,1
YTDown.com_YouTube_25-Manos-Mas-Famosas-Del-Futbol-25-Famou_Media_Wa7Phu0LpY4_001_1080p (1)_c57d10e006_0930f82c39_f00005364,1,0.46762776374816895,native,1
YTDown.com_YouTube_25-Manos-Mas-Famosas-Del-Futbol-25-Famou_Media_Wa7Phu0LpY4_001_1080p (1)_c57d10e006_0930f82c39_f00006145,1,0.8499899506568909,native,1
YTDown.com_YouTube_25-Manos-Mas-Famosas-Del-Futbol-25-Famou_Media_Wa7Phu0LpY4_001_1080p (1)_c57d10e006_0930f82c39_f00006417,1,0.6323409080505371,native,1
YTDown.com_YouTube_25-Manos-Mas-Famosas-Del-Futbol-25-Famou_Media_Wa7Phu0LpY4_001_1080p (1)_c57d10e006_0930f82c39_f00008453,1,0.9936519861221313,native,1
YTDown.com_YouTube_25-Manos-Mas-Famosas-Del-Futbol-25-Famou_Media_Wa7Phu0LpY4_001_1080p (1)_c57d10e006_0930f82c39_f00008943,0,0.6597246527671814,native,1
YTDown.com_YouTube_25-Manos-Mas-Famosas-Del-Futbol-25-Famou_Media_Wa7Phu0LpY4_001_1080p (1)_c57d10e006_0930f82c39_f00008987,0,0.6580806374549866,native,1
YTDown.com_YouTube_25-Manos-Mas-Famosas-Del-Futbol-25-Famou_Media_Wa7Phu0LpY4_001_1080p (1)_c57d10e006_0930f82c39_f00009027,0,0.8198811411857605,native,1
YTDown.com_YouTube_25-Manos-Mas-Famosas-Del-Futbol-25-Famou_Media_Wa7Phu0LpY4_001_1080p (1)_c57d10e006_0930f82c39_f00009102,0,0.7510111331939697,native,1
YTDown.com_YouTube_25-Manos-Mas-Famosas-Del-Futbol-25-Famou_Media_Wa7Phu0LpY4_001_1080p (1)_c57d10e006_0930f82c39_f00010345,1,0.8602418303489685,native,1
YTDown.com_YouTube_25-Manos-Mas-Famosas-Del-Futbol-25-Famou_Media_Wa7Phu0LpY4_001_1080p (1)_c57d10e006_0930f82c39_f00014365,1,0.9479103088378906,native,1
YTDown.com_YouTube_25-Manos-Mas-Famosas-Del-Futbol-25-Famou_Media_Wa7Phu0LpY4_001_1080p (1)_c57d10e006_0930f82c39_f00014535,1,0.020314453169703484,native,1
YTDown.com_YouTube_25-Manos-Mas-Famosas-Del-Futbol-25-Famou_Media_Wa7Phu0LpY4_001_1080p (1)_c57d10e006_0930f82c39_f00014634,1,0.9972472786903381,native,1
YTDown.com_YouTube_25-Manos-Mas-Famosas-Del-Futbol-25-Famou_Media_Wa7Phu0LpY4_001_1080p (1)_c57d10e006_0930f82c39_f00014733,1,0.9821364283561707,native,1
YTDown.com_YouTube_25-Manos-Mas-Famosas-Del-Futbol-25-Famou_Media_Wa7Phu0LpY4_001_1080p (1)_c57d10e006_0930f82c39_f00015526,0,0.8568437099456787,native,1
YTDown.com_YouTube_25-Manos-Mas-Famosas-Del-Futbol-25-Famou_Media_Wa7Phu0LpY4_001_1080p (1)_c57d10e006_0930f82c39_f00016114,1,0.945601761341095,native,1
YTDown.com_YouTube_25-Manos-Mas-Famosas-Del-Futbol-25-Famou_Media_Wa7Phu0LpY4_001_1080p (1)_c57d10e006_0930f82c39_f00016315,1,0.8287153244018555,native,1
YTDown.com_YouTube_25-Manos-Mas-Famosas-Del-Futbol-25-Famou_Media_Wa7Phu0LpY4_001_1080p (1)_c57d10e006_0930f82c39_f00016355,1,0.967239499092102,native,1
YTDown.com_YouTube_25-Manos-Mas-Famosas-Del-Futbol-25-Famou_Media_Wa7Phu0LpY4_001_1080p (1)_c57d10e006_0930f82c39_f00016495,1,0.8523779511451721,native,1
hb_28_ Hand Balls & Head Butts - Instant Replay_59efdbaa3c_8d357da3d4_f00000076_manual,1,0.9228466749191284,native,1
hb_50_ Viktor Gyokeres' penalty brings Arsenal level with Bournemouth _ Premier League _ NBC Sports_b014995853_3cab58e2cc_f00000133,1,0.9622527956962585,native,1
hb_58_ New York City v Houston Dynamo (44_04) - Handball_d5aff45f5a_039d53e2c1_f00000333,0,0.6501641869544983,native,1
hb_58_ New York City v Houston Dynamo (44_04) - Handball_d5aff45f5a_039d53e2c1_f00000640_manual,1,0.5750156044960022,native,1
hb_69_ EXPLAINED_ Why Bayern were NOT awarded a pen for Gabriel's handball _ CBS Sports Golazo Network_20ea6ef111_92a608ba8a_f00000106_manual,1,0.003585279919207096,native,1
nhb_20_ Netherlands v Mexico ｜ 2014 FIFA World Cup ｜ Full Match_44fc0a797a_f443b98b2e54_f00010000_negative_sample,0,0.0014543177094310522,native,1
nhb_20_ Netherlands v Mexico ｜ 2014 FIFA World Cup ｜ Full Match_44fc0a797a_f443b98b2e54_f00010125_negative_sample,0,0.8514750599861145,native,1
nhb_20_ Netherlands v Mexico ｜ 2014 FIFA World Cup ｜ Full Match_44fc0a797a_f443b98b2e54_f00010250_negative_sample,0,0.0014050495810806751,native,1
nhb_20_ Netherlands v Mexico ｜ 2014 FIFA World Cup ｜ Full Match_44fc0a797a_f443b98b2e54_f00020000_negative_sample,0,0.3098844885826111,native,1
nhb_20_ Netherlands v Mexico ｜ 2014 FIFA World Cup ｜ Full Match_44fc0a797a_f443b98b2e54_f00050000_negative_sample,0,0.0004742904275190085,native,1
nhb_20_ Netherlands v Mexico ｜ 2014 FIFA World Cup ｜ Full Match_44fc0a797a_f443b98b2e54_f00050125_negative_sample,0,0.0006148513057269156,native,1
nhb_20_ Netherlands v Mexico ｜ 2014 FIFA World Cup ｜ Full Match_44fc0a797a_f443b98b2e54_f00050250_negative_sample,0,0.14835108816623688,native,1
nhb_20_ Netherlands v Mexico ｜ 2014 FIFA World Cup ｜ Full Match_44fc0a797a_f443b98b2e54_f00100125_negative_sample,0,0.0015443299198523164,native,1
nhb_20_ Netherlands v Mexico ｜ 2014 FIFA World Cup ｜ Full Match_44fc0a797a_f443b98b2e54_f00100250_negative_sample,0,0.001487905508838594,native,1
nhb_32_ FULL MATCH ｜ Manchester City v Liverpool ｜ Quarter-Final ｜ Emirates FA Cup 2025-26_ca43d6cffb_a8d54d17c8e3_f00002500_negative_sample,0,0.006839883513748646,native,1
nhb_32_ FULL MATCH ｜ Manchester City v Liverpool ｜ Quarter-Final ｜ Emirates FA Cup 2025-26_ca43d6cffb_a8d54d17c8e3_f00002625_negative_sample,0,0.0008550455677323043,native,1
nhb_32_ FULL MATCH ｜ Manchester City v Liverpool ｜ Quarter-Final ｜ Emirates FA Cup 2025-26_ca43d6cffb_a8d54d17c8e3_f00002750_negative_sample,0,0.5695701837539673,native,1
nhb_32_ FULL MATCH ｜ Manchester City v Liverpool ｜ Quarter-Final ｜ Emirates FA Cup 2025-26_ca43d6cffb_a8d54d17c8e3_f00003125_negative_sample,0,0.0009286174899898469,native,1
nhb_32_ FULL MATCH ｜ Manchester City v Liverpool ｜ Quarter-Final ｜ Emirates FA Cup 2025-26_ca43d6cffb_a8d54d17c8e3_f00003250_negative_sample,0,0.13765797019004822,native,1
nhb_32_ FULL MATCH ｜ Manchester City v Liverpool ｜ Quarter-Final ｜ Emirates FA Cup 2025-26_ca43d6cffb_a8d54d17c8e3_f00003375_negative_sample,0,0.14546865224838257,native,1
nhb_32_ FULL MATCH ｜ Manchester City v Liverpool ｜ Quarter-Final ｜ Emirates FA Cup 2025-26_ca43d6cffb_a8d54d17c8e3_f00003500_negative_sample,0,0.010500366799533367,native,1
nhb_32_ FULL MATCH ｜ Manchester City v Liverpool ｜ Quarter-Final ｜ Emirates FA Cup 2025-26_ca43d6cffb_a8d54d17c8e3_f00003625_negative_sample,0,0.006171088665723801,native,1
nhb_32_ FULL MATCH ｜ Manchester City v Liverpool ｜ Quarter-Final ｜ Emirates FA Cup 2025-26_ca43d6cffb_a8d54d17c8e3_f00012500_negative_sample,0,0.0018254772294312716,native,1
nhb_32_ FULL MATCH ｜ Manchester City v Liverpool ｜ Quarter-Final ｜ Emirates FA Cup 2025-26_ca43d6cffb_a8d54d17c8e3_f00012625_negative_sample,0,0.0008984237210825086,native,1
nhb_32_ FULL MATCH ｜ Manchester City v Liverpool ｜ Quarter-Final ｜ Emirates FA Cup 2025-26_ca43d6cffb_a8d54d17c8e3_f00012750_negative_sample,0,0.0007536864141002297,native,1
nhb_32_ FULL MATCH ｜ Manchester City v Liverpool ｜ Quarter-Final ｜ Emirates FA Cup 2025-26_ca43d6cffb_a8d54d17c8e3_f00012875_negative_sample,0,0.5181429386138916,native,1
nhb_32_ FULL MATCH ｜ Manchester City v Liverpool ｜ Quarter-Final ｜ Emirates FA Cup 2025-26_ca43d6cffb_a8d54d17c8e3_f00025000_negative_sample,0,0.21980716288089752,native,1
nhb_32_ FULL MATCH ｜ Manchester City v Liverpool ｜ Quarter-Final ｜ Emirates FA Cup 2025-26_ca43d6cffb_a8d54d17c8e3_f00025250_negative_sample,0,0.005469238385558128,native,1
nhb_32_ FULL MATCH ｜ Manchester City v Liverpool ｜ Quarter-Final ｜ Emirates FA Cup 2025-26_ca43d6cffb_a8d54d17c8e3_f00025375_negative_sample,0,0.0008249441743828356,native,1
nhb_32_ FULL MATCH ｜ Manchester City v Liverpool ｜ Quarter-Final ｜ Emirates FA Cup 2025-26_ca43d6cffb_a8d54d17c8e3_f00075000_negative_sample,0,0.001694988925009966,native,1
nhb_32_ FULL MATCH ｜ Manchester City v Liverpool ｜ Quarter-Final ｜ Emirates FA Cup 2025-26_ca43d6cffb_a8d54d17c8e3_f00075125_negative_sample,0,0.0035849527921527624,native,1
nhb_32_ FULL MATCH ｜ Manchester City v Liverpool ｜ Quarter-Final ｜ Emirates FA Cup 2025-26_ca43d6cffb_a8d54d17c8e3_f00075250_negative_sample,0,0.3521658480167389,native,1
nhb_32_ FULL MATCH ｜ Manchester City v Liverpool ｜ Quarter-Final ｜ Emirates FA Cup 2025-26_ca43d6cffb_a8d54d17c8e3_f00075625_negative_sample,0,0.6697391867637634,native,1
nhb_32_ FULL MATCH ｜ Manchester City v Liverpool ｜ Quarter-Final ｜ Emirates FA Cup 2025-26_ca43d6cffb_a8d54d17c8e3_f00076000_negative_sample,0,0.004996594041585922,native,1
nhb_32_ FULL MATCH ｜ Manchester City v Liverpool ｜ Quarter-Final ｜ Emirates FA Cup 2025-26_ca43d6cffb_a8d54d17c8e3_f00076125_negative_sample,0,0.0014561739517375827,native,1
nhb_32_ FULL MATCH ｜ Manchester City v Liverpool ｜ Quarter-Final ｜ Emirates FA Cup 2025-26_ca43d6cffb_a8d54d17c8e3_f00076250_negative_sample,0,0.01958300732076168,native,1
nhb_32_ FULL MATCH ｜ Manchester City v Liverpool ｜ Quarter-Final ｜ Emirates FA Cup 2025-26_ca43d6cffb_a8d54d17c8e3_f00076375_negative_sample,0,0.010840495117008686,native,1
